-- MySQL dump 10.13  Distrib 5.7.23, for Linux (x86_64)
--
-- Host: localhost    Database: Company
-- ------------------------------------------------------
-- Server version	5.7.23-0ubuntu0.18.04.1

/*!40101 SET @OLD_CHARACTER_SET_CLIENT=@@CHARACTER_SET_CLIENT */;
/*!40101 SET @OLD_CHARACTER_SET_RESULTS=@@CHARACTER_SET_RESULTS */;
/*!40101 SET @OLD_COLLATION_CONNECTION=@@COLLATION_CONNECTION */;
/*!40101 SET NAMES utf8 */;
/*!40103 SET @OLD_TIME_ZONE=@@TIME_ZONE */;
/*!40103 SET TIME_ZONE='+00:00' */;
/*!40014 SET @OLD_UNIQUE_CHECKS=@@UNIQUE_CHECKS, UNIQUE_CHECKS=0 */;
/*!40014 SET @OLD_FOREIGN_KEY_CHECKS=@@FOREIGN_KEY_CHECKS, FOREIGN_KEY_CHECKS=0 */;
/*!40101 SET @OLD_SQL_MODE=@@SQL_MODE, SQL_MODE='NO_AUTO_VALUE_ON_ZERO' */;
/*!40111 SET @OLD_SQL_NOTES=@@SQL_NOTES, SQL_NOTES=0 */;


DROP DATABASE IF EXISTS `DnA_PP4`;
CREATE SCHEMA `DnA_PP4`;
USE `DnA_PP4`;


-------------------------------------------------------------------- RU START ------------------------------------------------------------------------
--
-- Table structure for table `Religion_and_Caste`
--
DROP TABLE IF EXISTS `Religion_and_Caste`;
/*!40101 SET @saved_cs_client     = @@character_set_client */;
/*!40101 SET character_set_client = utf8 */;
CREATE TABLE `Religion_and_Caste` (
  `Caste/Sect` varchar(30) NOT NULL,
  `Religion` varchar(30) NOT NULL,
  PRIMARY KEY (`Caste/Sect`)
) ENGINE=InnoDB DEFAULT CHARSET=latin1;
/*!40101 SET character_set_client = @saved_cs_client */;

--
-- Dumping data for table `Religion_and_Caste`
--

LOCK TABLES `Religion_and_Caste` WRITE;
/*!40000 ALTER TABLE `Religion_and_Caste` DISABLE KEYS */;
INSERT INTO `Religion_and_Caste` VALUES ('Headquarters',1,'888665555','1981-06-19'),('Administration',4,'987654321','1995-01-01'),('Research',5,'333445555','1988-05-22');
/*!40000 ALTER TABLE `Religion_and_Caste` ENABLE KEYS */;
UNLOCK TABLES;

-------------------------------------------------------------------- RU END ------------------------------------------------------------------------

-------------------------------------------------------------------- RU START ------------------------------------------------------------------------
--
-- Table structure for table `Villagers`
--
DROP TABLE IF EXISTS `Villagers`;
/*!40101 SET @saved_cs_client     = @@character_set_client */;
/*!40101 SET character_set_client = utf8 */;
CREATE TABLE `Villagers` (
  `Aadhar_No` int(12) NOT NULL,
  `Pan_No` char(12) NOT NULL,
  `Name` varchar(50) NOT NULL,
  `Sex` varchar(50) CHECK (`Sex` in ('Male','Female','Intersex')),
  `Caste/Sect` varchar(30) NOT NULL,
  `Age` int(3) CHECK (`AGE` >= 18 ),
  `Phone_No` int(10) NOT NULL,
  `Literacy` varchar(10) NOT NULL CHECK (`Literacy` in ('Literate','Illiterate')),
  `Occupation` varchar(30) NOT NULL,
  PRIMARY KEY (`Aadhar_No`),
  UNIQUE KEY `Pan_No` (`Pan_No`),
  UNIQUE KEY `Phone_No` (`Phone_No`),
  CONSTRAINT `Villagers_ibfk_1` FOREIGN KEY (`Caste/Sect`) REFERENCES `Religion_and_Caste` (`Caste/Sect`)
) ENGINE=InnoDB DEFAULT CHARSET=latin1;
/*!40101 SET character_set_client = @saved_cs_client */;

--
-- Dumping data for table `Villagers`
--

LOCK TABLES `Villagers` WRITE;
/*!40000 ALTER TABLE `Villagers` DISABLE KEYS */;
INSERT INTO `Villagers` VALUES ('Headquarters',1,'888665555','1981-06-19'),('Administration',4,'987654321','1995-01-01'),('Research',5,'333445555','1988-05-22');
/*!40000 ALTER TABLE `Villagers` ENABLE KEYS */;
UNLOCK TABLES;

-------------------------------------------------------------------- RU END ------------------------------------------------------------------------

-------------------------------------------------------------------- RU START ------------------------------------------------------------------------
--
-- Table structure for table `DEPARTMENT`
--
DROP TABLE IF EXISTS `Panchayat_Members`;
/*!40101 SET @saved_cs_client     = @@character_set_client */;
/*!40101 SET character_set_client = utf8 */;
CREATE TABLE `Panchayat_Members` (
  `Aadhar_No` int(12) NOT NULL,
  `Pan_No` char(12) NOT NULL,
  `Years_of_Service` int(2),
  `Ward_No` int(2),
  `Salary` int(2),
  `Supervisor_Aadhar_No` int(12) NOT NULL,
  PRIMARY KEY (`Aadhar_No`),
  CONSTRAINT `Panchayat_Members_ibfk_1` FOREIGN KEY (`Supervision_Aadhar_No`) REFERENCES `Panchayat_Members` (`Supervisor_Aadhar_No`)
) ENGINE=InnoDB DEFAULT CHARSET=latin1;
/*!40101 SET character_set_client = @saved_cs_client */;

LOCK TABLES `Panchayat_Members` WRITE;
/*!40000 ALTER TABLE `Panchayat_Members` DISABLE KEYS */;
INSERT INTO `Panchayat_Members` VALUES ('Headquarters',1,'888665555','1981-06-19'),('Administration',4,'987654321','1995-01-01'),('Research',5,'333445555','1988-05-22');
/*!40000 ALTER TABLE `Panchayat_Members` ENABLE KEYS */;
UNLOCK TABLES;

-------------------------------------------------------------------- RU END ------------------------------------------------------------------------

-------------------------------------------------------------------- RU START ------------------------------------------------------------------------
--
-- Table structure for table `Taxation`
--
DROP TABLE IF EXISTS `Taxation`;
/*!40101 SET @saved_cs_client     = @@character_set_client */;
/*!40101 SET character_set_client = utf8 */;
CREATE TABLE `Taxation` (
  `ITR_No` varchar(15) NOT NULL,
  `Dnumber` int(11) NOT NULL,
  `Mgr_ssn` char(9) NOT NULL,
  `Mgr_start_date` date DEFAULT NULL,
  PRIMARY KEY (`Dnumber`),
  UNIQUE KEY `Dname` (`Dname`),
  KEY `Mgr_ssn` (`Mgr_ssn`),
  CONSTRAINT `DEPARTMENT_ibfk_1` FOREIGN KEY (`Mgr_ssn`) REFERENCES `EMPLOYEE` (`Ssn`)
) ENGINE=InnoDB DEFAULT CHARSET=latin1;
/*!40101 SET character_set_client = @saved_cs_client */;

--
-- Dumping data for table `DEPARTMENT`
--

LOCK TABLES `DEPARTMENT` WRITE;
/*!40000 ALTER TABLE `DEPARTMENT` DISABLE KEYS */;
INSERT INTO `DEPARTMENT` VALUES ('Headquarters',1,'888665555','1981-06-19'),('Administration',4,'987654321','1995-01-01'),('Research',5,'333445555','1988-05-22');
/*!40000 ALTER TABLE `DEPARTMENT` ENABLE KEYS */;
UNLOCK TABLES;

--
-- Table structure for table `DEPENDENT`
--

-------------------------------------------------------------------- RU END ------------------------------------------------------------------------

-------------------------------------------------------------------- RU START ------------------------------------------------------------------------
--
-- Table structure for table `DEPARTMENT`
--
DROP TABLE IF EXISTS `DEPARTMENT`;
/*!40101 SET @saved_cs_client     = @@character_set_client */;
/*!40101 SET character_set_client = utf8 */;
CREATE TABLE `DEPARTMENT` (
  `Dname` varchar(15) NOT NULL,
  `Dnumber` int(11) NOT NULL,
  `Mgr_ssn` char(9) NOT NULL,
  `Mgr_start_date` date DEFAULT NULL,
  PRIMARY KEY (`Dnumber`),
  UNIQUE KEY `Dname` (`Dname`),
  KEY `Mgr_ssn` (`Mgr_ssn`),
  CONSTRAINT `DEPARTMENT_ibfk_1` FOREIGN KEY (`Mgr_ssn`) REFERENCES `EMPLOYEE` (`Ssn`)
) ENGINE=InnoDB DEFAULT CHARSET=latin1;
/*!40101 SET character_set_client = @saved_cs_client */;

--
-- Dumping data for table `DEPARTMENT`
--

LOCK TABLES `DEPARTMENT` WRITE;
/*!40000 ALTER TABLE `DEPARTMENT` DISABLE KEYS */;
INSERT INTO `DEPARTMENT` VALUES ('Headquarters',1,'888665555','1981-06-19'),('Administration',4,'987654321','1995-01-01'),('Research',5,'333445555','1988-05-22');
/*!40000 ALTER TABLE `DEPARTMENT` ENABLE KEYS */;
UNLOCK TABLES;

--
-- Table structure for table `DEPENDENT`
--

-------------------------------------------------------------------- RU END ------------------------------------------------------------------------

-------------------------------------------------------------------- RU START ------------------------------------------------------------------------
--
-- Table structure for table `DEPARTMENT`
--
DROP TABLE IF EXISTS `DEPARTMENT`;
/*!40101 SET @saved_cs_client     = @@character_set_client */;
/*!40101 SET character_set_client = utf8 */;
CREATE TABLE `DEPARTMENT` (
  `Dname` varchar(15) NOT NULL,
  `Dnumber` int(11) NOT NULL,
  `Mgr_ssn` char(9) NOT NULL,
  `Mgr_start_date` date DEFAULT NULL,
  PRIMARY KEY (`Dnumber`),
  UNIQUE KEY `Dname` (`Dname`),
  KEY `Mgr_ssn` (`Mgr_ssn`),
  CONSTRAINT `DEPARTMENT_ibfk_1` FOREIGN KEY (`Mgr_ssn`) REFERENCES `EMPLOYEE` (`Ssn`)
) ENGINE=InnoDB DEFAULT CHARSET=latin1;
/*!40101 SET character_set_client = @saved_cs_client */;

--
-- Dumping data for table `DEPARTMENT`
--

LOCK TABLES `DEPARTMENT` WRITE;
/*!40000 ALTER TABLE `DEPARTMENT` DISABLE KEYS */;
INSERT INTO `DEPARTMENT` VALUES ('Headquarters',1,'888665555','1981-06-19'),('Administration',4,'987654321','1995-01-01'),('Research',5,'333445555','1988-05-22');
/*!40000 ALTER TABLE `DEPARTMENT` ENABLE KEYS */;
UNLOCK TABLES;

--
-- Table structure for table `DEPENDENT`
--

-------------------------------------------------------------------- RU END ------------------------------------------------------------------------

-------------------------------------------------------------------- RU START ------------------------------------------------------------------------
--
-- Table structure for table `DEPARTMENT`
--
DROP TABLE IF EXISTS `DEPARTMENT`;
/*!40101 SET @saved_cs_client     = @@character_set_client */;
/*!40101 SET character_set_client = utf8 */;
CREATE TABLE `DEPARTMENT` (
  `Dname` varchar(15) NOT NULL,
  `Dnumber` int(11) NOT NULL,
  `Mgr_ssn` char(9) NOT NULL,
  `Mgr_start_date` date DEFAULT NULL,
  PRIMARY KEY (`Dnumber`),
  UNIQUE KEY `Dname` (`Dname`),
  KEY `Mgr_ssn` (`Mgr_ssn`),
  CONSTRAINT `DEPARTMENT_ibfk_1` FOREIGN KEY (`Mgr_ssn`) REFERENCES `EMPLOYEE` (`Ssn`)
) ENGINE=InnoDB DEFAULT CHARSET=latin1;
/*!40101 SET character_set_client = @saved_cs_client */;

--
-- Dumping data for table `DEPARTMENT`
--

LOCK TABLES `DEPARTMENT` WRITE;
/*!40000 ALTER TABLE `DEPARTMENT` DISABLE KEYS */;
INSERT INTO `DEPARTMENT` VALUES ('Headquarters',1,'888665555','1981-06-19'),('Administration',4,'987654321','1995-01-01'),('Research',5,'333445555','1988-05-22');
/*!40000 ALTER TABLE `DEPARTMENT` ENABLE KEYS */;
UNLOCK TABLES;

--
-- Table structure for table `DEPENDENT`
--

-------------------------------------------------------------------- RU END ------------------------------------------------------------------------

-------------------------------------------------------------------- RU START ------------------------------------------------------------------------
--
-- Table structure for table `DEPARTMENT`
--
DROP TABLE IF EXISTS `DEPARTMENT`;
/*!40101 SET @saved_cs_client     = @@character_set_client */;
/*!40101 SET character_set_client = utf8 */;
CREATE TABLE `DEPARTMENT` (
  `Dname` varchar(15) NOT NULL,
  `Dnumber` int(11) NOT NULL,
  `Mgr_ssn` char(9) NOT NULL,
  `Mgr_start_date` date DEFAULT NULL,
  PRIMARY KEY (`Dnumber`),
  UNIQUE KEY `Dname` (`Dname`),
  KEY `Mgr_ssn` (`Mgr_ssn`),
  CONSTRAINT `DEPARTMENT_ibfk_1` FOREIGN KEY (`Mgr_ssn`) REFERENCES `EMPLOYEE` (`Ssn`)
) ENGINE=InnoDB DEFAULT CHARSET=latin1;
/*!40101 SET character_set_client = @saved_cs_client */;

--
-- Dumping data for table `DEPARTMENT`
--

LOCK TABLES `DEPARTMENT` WRITE;
/*!40000 ALTER TABLE `DEPARTMENT` DISABLE KEYS */;
INSERT INTO `DEPARTMENT` VALUES ('Headquarters',1,'888665555','1981-06-19'),('Administration',4,'987654321','1995-01-01'),('Research',5,'333445555','1988-05-22');
/*!40000 ALTER TABLE `DEPARTMENT` ENABLE KEYS */;
UNLOCK TABLES;

--
-- Table structure for table `DEPENDENT`
--

-------------------------------------------------------------------- RU END ------------------------------------------------------------------------

-------------------------------------------------------------------- RU START ------------------------------------------------------------------------
--
-- Table structure for table `DEPARTMENT`
--
DROP TABLE IF EXISTS `DEPARTMENT`;
/*!40101 SET @saved_cs_client     = @@character_set_client */;
/*!40101 SET character_set_client = utf8 */;
CREATE TABLE `DEPARTMENT` (
  `Dname` varchar(15) NOT NULL,
  `Dnumber` int(11) NOT NULL,
  `Mgr_ssn` char(9) NOT NULL,
  `Mgr_start_date` date DEFAULT NULL,
  PRIMARY KEY (`Dnumber`),
  UNIQUE KEY `Dname` (`Dname`),
  KEY `Mgr_ssn` (`Mgr_ssn`),
  CONSTRAINT `DEPARTMENT_ibfk_1` FOREIGN KEY (`Mgr_ssn`) REFERENCES `EMPLOYEE` (`Ssn`)
) ENGINE=InnoDB DEFAULT CHARSET=latin1;
/*!40101 SET character_set_client = @saved_cs_client */;

--
-- Dumping data for table `DEPARTMENT`
--

LOCK TABLES `DEPARTMENT` WRITE;
/*!40000 ALTER TABLE `DEPARTMENT` DISABLE KEYS */;
INSERT INTO `DEPARTMENT` VALUES ('Headquarters',1,'888665555','1981-06-19'),('Administration',4,'987654321','1995-01-01'),('Research',5,'333445555','1988-05-22');
/*!40000 ALTER TABLE `DEPARTMENT` ENABLE KEYS */;
UNLOCK TABLES;

--
-- Table structure for table `DEPENDENT`
--

-------------------------------------------------------------------- RU END ------------------------------------------------------------------------

-------------------------------------------------------------------- RU START ------------------------------------------------------------------------
--
-- Table structure for table `DEPARTMENT`
--
DROP TABLE IF EXISTS `DEPARTMENT`;
/*!40101 SET @saved_cs_client     = @@character_set_client */;
/*!40101 SET character_set_client = utf8 */;
CREATE TABLE `DEPARTMENT` (
  `Dname` varchar(15) NOT NULL,
  `Dnumber` int(11) NOT NULL,
  `Mgr_ssn` char(9) NOT NULL,
  `Mgr_start_date` date DEFAULT NULL,
  PRIMARY KEY (`Dnumber`),
  UNIQUE KEY `Dname` (`Dname`),
  KEY `Mgr_ssn` (`Mgr_ssn`),
  CONSTRAINT `DEPARTMENT_ibfk_1` FOREIGN KEY (`Mgr_ssn`) REFERENCES `EMPLOYEE` (`Ssn`)
) ENGINE=InnoDB DEFAULT CHARSET=latin1;
/*!40101 SET character_set_client = @saved_cs_client */;

--
-- Dumping data for table `DEPARTMENT`
--

LOCK TABLES `DEPARTMENT` WRITE;
/*!40000 ALTER TABLE `DEPARTMENT` DISABLE KEYS */;
INSERT INTO `DEPARTMENT` VALUES ('Headquarters',1,'888665555','1981-06-19'),('Administration',4,'987654321','1995-01-01'),('Research',5,'333445555','1988-05-22');
/*!40000 ALTER TABLE `DEPARTMENT` ENABLE KEYS */;
UNLOCK TABLES;

--
-- Table structure for table `DEPENDENT`
--

-------------------------------------------------------------------- RU END ------------------------------------------------------------------------

-------------------------------------------------------------------- RU START ------------------------------------------------------------------------
--
-- Table structure for table `DEPARTMENT`
--
DROP TABLE IF EXISTS `DEPARTMENT`;
/*!40101 SET @saved_cs_client     = @@character_set_client */;
/*!40101 SET character_set_client = utf8 */;
CREATE TABLE `DEPARTMENT` (
  `Dname` varchar(15) NOT NULL,
  `Dnumber` int(11) NOT NULL,
  `Mgr_ssn` char(9) NOT NULL,
  `Mgr_start_date` date DEFAULT NULL,
  PRIMARY KEY (`Dnumber`),
  UNIQUE KEY `Dname` (`Dname`),
  KEY `Mgr_ssn` (`Mgr_ssn`),
  CONSTRAINT `DEPARTMENT_ibfk_1` FOREIGN KEY (`Mgr_ssn`) REFERENCES `EMPLOYEE` (`Ssn`)
) ENGINE=InnoDB DEFAULT CHARSET=latin1;
/*!40101 SET character_set_client = @saved_cs_client */;

--
-- Dumping data for table `DEPARTMENT`
--

LOCK TABLES `DEPARTMENT` WRITE;
/*!40000 ALTER TABLE `DEPARTMENT` DISABLE KEYS */;
INSERT INTO `DEPARTMENT` VALUES ('Headquarters',1,'888665555','1981-06-19'),('Administration',4,'987654321','1995-01-01'),('Research',5,'333445555','1988-05-22');
/*!40000 ALTER TABLE `DEPARTMENT` ENABLE KEYS */;
UNLOCK TABLES;

--
-- Table structure for table `DEPENDENT`
--

-------------------------------------------------------------------- RU END ------------------------------------------------------------------------

-------------------------------------------------------------------- RU START ------------------------------------------------------------------------
--
-- Table structure for table `DEPARTMENT`
--
DROP TABLE IF EXISTS `DEPARTMENT`;
/*!40101 SET @saved_cs_client     = @@character_set_client */;
/*!40101 SET character_set_client = utf8 */;
CREATE TABLE `DEPARTMENT` (
  `Dname` varchar(15) NOT NULL,
  `Dnumber` int(11) NOT NULL,
  `Mgr_ssn` char(9) NOT NULL,
  `Mgr_start_date` date DEFAULT NULL,
  PRIMARY KEY (`Dnumber`),
  UNIQUE KEY `Dname` (`Dname`),
  KEY `Mgr_ssn` (`Mgr_ssn`),
  CONSTRAINT `DEPARTMENT_ibfk_1` FOREIGN KEY (`Mgr_ssn`) REFERENCES `EMPLOYEE` (`Ssn`)
) ENGINE=InnoDB DEFAULT CHARSET=latin1;
/*!40101 SET character_set_client = @saved_cs_client */;

--
-- Dumping data for table `DEPARTMENT`
--

LOCK TABLES `DEPARTMENT` WRITE;
/*!40000 ALTER TABLE `DEPARTMENT` DISABLE KEYS */;
INSERT INTO `DEPARTMENT` VALUES ('Headquarters',1,'888665555','1981-06-19'),('Administration',4,'987654321','1995-01-01'),('Research',5,'333445555','1988-05-22');
/*!40000 ALTER TABLE `DEPARTMENT` ENABLE KEYS */;
UNLOCK TABLES;

--
-- Table structure for table `DEPENDENT`
--

-------------------------------------------------------------------- RU END ------------------------------------------------------------------------

-------------------------------------------------------------------- RU START ------------------------------------------------------------------------
--
-- Table structure for table `DEPARTMENT`
--
DROP TABLE IF EXISTS `DEPARTMENT`;
/*!40101 SET @saved_cs_client     = @@character_set_client */;
/*!40101 SET character_set_client = utf8 */;
CREATE TABLE `DEPARTMENT` (
  `Dname` varchar(15) NOT NULL,
  `Dnumber` int(11) NOT NULL,
  `Mgr_ssn` char(9) NOT NULL,
  `Mgr_start_date` date DEFAULT NULL,
  PRIMARY KEY (`Dnumber`),
  UNIQUE KEY `Dname` (`Dname`),
  KEY `Mgr_ssn` (`Mgr_ssn`),
  CONSTRAINT `DEPARTMENT_ibfk_1` FOREIGN KEY (`Mgr_ssn`) REFERENCES `EMPLOYEE` (`Ssn`)
) ENGINE=InnoDB DEFAULT CHARSET=latin1;
/*!40101 SET character_set_client = @saved_cs_client */;

--
-- Dumping data for table `DEPARTMENT`
--

LOCK TABLES `DEPARTMENT` WRITE;
/*!40000 ALTER TABLE `DEPARTMENT` DISABLE KEYS */;
INSERT INTO `DEPARTMENT` VALUES ('Headquarters',1,'888665555','1981-06-19'),('Administration',4,'987654321','1995-01-01'),('Research',5,'333445555','1988-05-22');
/*!40000 ALTER TABLE `DEPARTMENT` ENABLE KEYS */;
UNLOCK TABLES;

--
-- Table structure for table `DEPENDENT`
--

-------------------------------------------------------------------- RU END ------------------------------------------------------------------------

-------------------------------------------------------------------- RU START ------------------------------------------------------------------------
--
-- Table structure for table `DEPARTMENT`
--
DROP TABLE IF EXISTS `DEPARTMENT`;
/*!40101 SET @saved_cs_client     = @@character_set_client */;
/*!40101 SET character_set_client = utf8 */;
CREATE TABLE `DEPARTMENT` (
  `Dname` varchar(15) NOT NULL,
  `Dnumber` int(11) NOT NULL,
  `Mgr_ssn` char(9) NOT NULL,
  `Mgr_start_date` date DEFAULT NULL,
  PRIMARY KEY (`Dnumber`),
  UNIQUE KEY `Dname` (`Dname`),
  KEY `Mgr_ssn` (`Mgr_ssn`),
  CONSTRAINT `DEPARTMENT_ibfk_1` FOREIGN KEY (`Mgr_ssn`) REFERENCES `EMPLOYEE` (`Ssn`)
) ENGINE=InnoDB DEFAULT CHARSET=latin1;
/*!40101 SET character_set_client = @saved_cs_client */;

--
-- Dumping data for table `DEPARTMENT`
--

LOCK TABLES `DEPARTMENT` WRITE;
/*!40000 ALTER TABLE `DEPARTMENT` DISABLE KEYS */;
INSERT INTO `DEPARTMENT` VALUES ('Headquarters',1,'888665555','1981-06-19'),('Administration',4,'987654321','1995-01-01'),('Research',5,'333445555','1988-05-22');
/*!40000 ALTER TABLE `DEPARTMENT` ENABLE KEYS */;
UNLOCK TABLES;

--
-- Table structure for table `DEPENDENT`
--

-------------------------------------------------------------------- RU END ------------------------------------------------------------------------

-------------------------------------------------------------------- RU START ------------------------------------------------------------------------
--
-- Table structure for table `DEPARTMENT`
--
DROP TABLE IF EXISTS `DEPARTMENT`;
/*!40101 SET @saved_cs_client     = @@character_set_client */;
/*!40101 SET character_set_client = utf8 */;
CREATE TABLE `DEPARTMENT` (
  `Dname` varchar(15) NOT NULL,
  `Dnumber` int(11) NOT NULL,
  `Mgr_ssn` char(9) NOT NULL,
  `Mgr_start_date` date DEFAULT NULL,
  PRIMARY KEY (`Dnumber`),
  UNIQUE KEY `Dname` (`Dname`),
  KEY `Mgr_ssn` (`Mgr_ssn`),
  CONSTRAINT `DEPARTMENT_ibfk_1` FOREIGN KEY (`Mgr_ssn`) REFERENCES `EMPLOYEE` (`Ssn`)
) ENGINE=InnoDB DEFAULT CHARSET=latin1;
/*!40101 SET character_set_client = @saved_cs_client */;

--
-- Dumping data for table `DEPARTMENT`
--

LOCK TABLES `DEPARTMENT` WRITE;
/*!40000 ALTER TABLE `DEPARTMENT` DISABLE KEYS */;
INSERT INTO `DEPARTMENT` VALUES ('Headquarters',1,'888665555','1981-06-19'),('Administration',4,'987654321','1995-01-01'),('Research',5,'333445555','1988-05-22');
/*!40000 ALTER TABLE `DEPARTMENT` ENABLE KEYS */;
UNLOCK TABLES;

--
-- Table structure for table `DEPENDENT`
--

-------------------------------------------------------------------- RU END ------------------------------------------------------------------------

-------------------------------------------------------------------- RU START ------------------------------------------------------------------------
--
-- Table structure for table `DEPARTMENT`
--
DROP TABLE IF EXISTS `DEPARTMENT`;
/*!40101 SET @saved_cs_client     = @@character_set_client */;
/*!40101 SET character_set_client = utf8 */;
CREATE TABLE `DEPARTMENT` (
  `Dname` varchar(15) NOT NULL,
  `Dnumber` int(11) NOT NULL,
  `Mgr_ssn` char(9) NOT NULL,
  `Mgr_start_date` date DEFAULT NULL,
  PRIMARY KEY (`Dnumber`),
  UNIQUE KEY `Dname` (`Dname`),
  KEY `Mgr_ssn` (`Mgr_ssn`),
  CONSTRAINT `DEPARTMENT_ibfk_1` FOREIGN KEY (`Mgr_ssn`) REFERENCES `EMPLOYEE` (`Ssn`)
) ENGINE=InnoDB DEFAULT CHARSET=latin1;
/*!40101 SET character_set_client = @saved_cs_client */;

--
-- Dumping data for table `DEPARTMENT`
--

LOCK TABLES `DEPARTMENT` WRITE;
/*!40000 ALTER TABLE `DEPARTMENT` DISABLE KEYS */;
INSERT INTO `DEPARTMENT` VALUES ('Headquarters',1,'888665555','1981-06-19'),('Administration',4,'987654321','1995-01-01'),('Research',5,'333445555','1988-05-22');
/*!40000 ALTER TABLE `DEPARTMENT` ENABLE KEYS */;
UNLOCK TABLES;

--
-- Table structure for table `DEPENDENT`
--

-------------------------------------------------------------------- RU END ------------------------------------------------------------------------

-------------------------------------------------------------------- RU START ------------------------------------------------------------------------
--
-- Table structure for table `DEPARTMENT`
--
DROP TABLE IF EXISTS `DEPARTMENT`;
/*!40101 SET @saved_cs_client     = @@character_set_client */;
/*!40101 SET character_set_client = utf8 */;
CREATE TABLE `DEPARTMENT` (
  `Dname` varchar(15) NOT NULL,
  `Dnumber` int(11) NOT NULL,
  `Mgr_ssn` char(9) NOT NULL,
  `Mgr_start_date` date DEFAULT NULL,
  PRIMARY KEY (`Dnumber`),
  UNIQUE KEY `Dname` (`Dname`),
  KEY `Mgr_ssn` (`Mgr_ssn`),
  CONSTRAINT `DEPARTMENT_ibfk_1` FOREIGN KEY (`Mgr_ssn`) REFERENCES `EMPLOYEE` (`Ssn`)
) ENGINE=InnoDB DEFAULT CHARSET=latin1;
/*!40101 SET character_set_client = @saved_cs_client */;

--
-- Dumping data for table `DEPARTMENT`
--

LOCK TABLES `DEPARTMENT` WRITE;
/*!40000 ALTER TABLE `DEPARTMENT` DISABLE KEYS */;
INSERT INTO `DEPARTMENT` VALUES ('Headquarters',1,'888665555','1981-06-19'),('Administration',4,'987654321','1995-01-01'),('Research',5,'333445555','1988-05-22');
/*!40000 ALTER TABLE `DEPARTMENT` ENABLE KEYS */;
UNLOCK TABLES;

--
-- Table structure for table `DEPENDENT`
--

-------------------------------------------------------------------- RU END ------------------------------------------------------------------------

-------------------------------------------------------------------- RU START ------------------------------------------------------------------------
--
-- Table structure for table `DEPARTMENT`
--
DROP TABLE IF EXISTS `DEPARTMENT`;
/*!40101 SET @saved_cs_client     = @@character_set_client */;
/*!40101 SET character_set_client = utf8 */;
CREATE TABLE `DEPARTMENT` (
  `Dname` varchar(15) NOT NULL,
  `Dnumber` int(11) NOT NULL,
  `Mgr_ssn` char(9) NOT NULL,
  `Mgr_start_date` date DEFAULT NULL,
  PRIMARY KEY (`Dnumber`),
  UNIQUE KEY `Dname` (`Dname`),
  KEY `Mgr_ssn` (`Mgr_ssn`),
  CONSTRAINT `DEPARTMENT_ibfk_1` FOREIGN KEY (`Mgr_ssn`) REFERENCES `EMPLOYEE` (`Ssn`)
) ENGINE=InnoDB DEFAULT CHARSET=latin1;
/*!40101 SET character_set_client = @saved_cs_client */;

--
-- Dumping data for table `DEPARTMENT`
--

LOCK TABLES `DEPARTMENT` WRITE;
/*!40000 ALTER TABLE `DEPARTMENT` DISABLE KEYS */;
INSERT INTO `DEPARTMENT` VALUES ('Headquarters',1,'888665555','1981-06-19'),('Administration',4,'987654321','1995-01-01'),('Research',5,'333445555','1988-05-22');
/*!40000 ALTER TABLE `DEPARTMENT` ENABLE KEYS */;
UNLOCK TABLES;

--
-- Table structure for table `DEPENDENT`
--

-------------------------------------------------------------------- RU END ------------------------------------------------------------------------

-------------------------------------------------------------------- RU START ------------------------------------------------------------------------
--
-- Table structure for table `DEPARTMENT`
--
DROP TABLE IF EXISTS `DEPARTMENT`;
/*!40101 SET @saved_cs_client     = @@character_set_client */;
/*!40101 SET character_set_client = utf8 */;
CREATE TABLE `DEPARTMENT` (
  `Dname` varchar(15) NOT NULL,
  `Dnumber` int(11) NOT NULL,
  `Mgr_ssn` char(9) NOT NULL,
  `Mgr_start_date` date DEFAULT NULL,
  PRIMARY KEY (`Dnumber`),
  UNIQUE KEY `Dname` (`Dname`),
  KEY `Mgr_ssn` (`Mgr_ssn`),
  CONSTRAINT `DEPARTMENT_ibfk_1` FOREIGN KEY (`Mgr_ssn`) REFERENCES `EMPLOYEE` (`Ssn`)
) ENGINE=InnoDB DEFAULT CHARSET=latin1;
/*!40101 SET character_set_client = @saved_cs_client */;

--
-- Dumping data for table `DEPARTMENT`
--

LOCK TABLES `DEPARTMENT` WRITE;
/*!40000 ALTER TABLE `DEPARTMENT` DISABLE KEYS */;
INSERT INTO `DEPARTMENT` VALUES ('Headquarters',1,'888665555','1981-06-19'),('Administration',4,'987654321','1995-01-01'),('Research',5,'333445555','1988-05-22');
/*!40000 ALTER TABLE `DEPARTMENT` ENABLE KEYS */;
UNLOCK TABLES;

--
-- Table structure for table `DEPENDENT`
--

-------------------------------------------------------------------- RU END ------------------------------------------------------------------------

-------------------------------------------------------------------- RU START ------------------------------------------------------------------------
--
-- Table structure for table `DEPARTMENT`
--
DROP TABLE IF EXISTS `DEPARTMENT`;
/*!40101 SET @saved_cs_client     = @@character_set_client */;
/*!40101 SET character_set_client = utf8 */;
CREATE TABLE `DEPARTMENT` (
  `Dname` varchar(15) NOT NULL,
  `Dnumber` int(11) NOT NULL,
  `Mgr_ssn` char(9) NOT NULL,
  `Mgr_start_date` date DEFAULT NULL,
  PRIMARY KEY (`Dnumber`),
  UNIQUE KEY `Dname` (`Dname`),
  KEY `Mgr_ssn` (`Mgr_ssn`),
  CONSTRAINT `DEPARTMENT_ibfk_1` FOREIGN KEY (`Mgr_ssn`) REFERENCES `EMPLOYEE` (`Ssn`)
) ENGINE=InnoDB DEFAULT CHARSET=latin1;
/*!40101 SET character_set_client = @saved_cs_client */;

--
-- Dumping data for table `DEPARTMENT`
--

LOCK TABLES `DEPARTMENT` WRITE;
/*!40000 ALTER TABLE `DEPARTMENT` DISABLE KEYS */;
INSERT INTO `DEPARTMENT` VALUES ('Headquarters',1,'888665555','1981-06-19'),('Administration',4,'987654321','1995-01-01'),('Research',5,'333445555','1988-05-22');
/*!40000 ALTER TABLE `DEPARTMENT` ENABLE KEYS */;
UNLOCK TABLES;

--
-- Table structure for table `DEPENDENT`
--

-------------------------------------------------------------------- RU END ------------------------------------------------------------------------

-------------------------------------------------------------------- RU START ------------------------------------------------------------------------
--
-- Table structure for table `DEPARTMENT`
--
DROP TABLE IF EXISTS `DEPARTMENT`;
/*!40101 SET @saved_cs_client     = @@character_set_client */;
/*!40101 SET character_set_client = utf8 */;
CREATE TABLE `DEPARTMENT` (
  `Dname` varchar(15) NOT NULL,
  `Dnumber` int(11) NOT NULL,
  `Mgr_ssn` char(9) NOT NULL,
  `Mgr_start_date` date DEFAULT NULL,
  PRIMARY KEY (`Dnumber`),
  UNIQUE KEY `Dname` (`Dname`),
  KEY `Mgr_ssn` (`Mgr_ssn`),
  CONSTRAINT `DEPARTMENT_ibfk_1` FOREIGN KEY (`Mgr_ssn`) REFERENCES `EMPLOYEE` (`Ssn`)
) ENGINE=InnoDB DEFAULT CHARSET=latin1;
/*!40101 SET character_set_client = @saved_cs_client */;

--
-- Dumping data for table `DEPARTMENT`
--

LOCK TABLES `DEPARTMENT` WRITE;
/*!40000 ALTER TABLE `DEPARTMENT` DISABLE KEYS */;
INSERT INTO `DEPARTMENT` VALUES ('Headquarters',1,'888665555','1981-06-19'),('Administration',4,'987654321','1995-01-01'),('Research',5,'333445555','1988-05-22');
/*!40000 ALTER TABLE `DEPARTMENT` ENABLE KEYS */;
UNLOCK TABLES;

--
-- Table structure for table `DEPENDENT`
--

-------------------------------------------------------------------- RU END ------------------------------------------------------------------------
/*!40103 SET TIME_ZONE=@OLD_TIME_ZONE */;

/*!40101 SET SQL_MODE=@OLD_SQL_MODE */;
/*!40014 SET FOREIGN_KEY_CHECKS=@OLD_FOREIGN_KEY_CHECKS */;
/*!40014 SET UNIQUE_CHECKS=@OLD_UNIQUE_CHECKS */;
/*!40101 SET CHARACTER_SET_CLIENT=@OLD_CHARACTER_SET_CLIENT */;
/*!40101 SET CHARACTER_SET_RESULTS=@OLD_CHARACTER_SET_RESULTS */;
/*!40101 SET COLLATION_CONNECTION=@OLD_COLLATION_CONNECTION */;
/*!40111 SET SQL_NOTES=@OLD_SQL_NOTES */;
